File,ML algorithm,accuracy,Precision,Recall,F1-score,Time
Heartbleed,Naive Bayes,0.9333333333333333,0.9,0.9545454545454546,0.9206349206349207,0.02273726463317871
Heartbleed,Naive Bayes,0.9333333333333333,0.9,0.9545454545454546,0.9206349206349207,0.024479150772094727
Heartbleed,Naive Bayes,0.9333333333333333,0.9,0.9545454545454546,0.9206349206349207,0.06068277359008789
Heartbleed,Naive Bayes,0.9333333333333333,0.9,0.9545454545454546,0.9206349206349207,0.041719913482666016
Heartbleed,Naive Bayes,0.9333333333333333,0.9,0.9545454545454546,0.9206349206349207,0.0263521671295166
Heartbleed,Naive Bayes,0.9333333333333333,0.9,0.9545454545454546,0.9206349206349207,0.028217315673828125
Heartbleed,Naive Bayes,0.9333333333333333,0.9,0.9545454545454546,0.9206349206349207,0.019417524337768555
Heartbleed,Naive Bayes,0.9333333333333333,0.9,0.9545454545454546,0.9206349206349207,0.01761913299560547
Heartbleed,Naive Bayes,0.9333333333333333,0.9,0.9545454545454546,0.9206349206349207,0.021323680877685547
Heartbleed,Naive Bayes,0.9333333333333333,0.9,0.9545454545454546,0.9206349206349207,0.01657867431640625
Heartbleed,Random Forest,1.0,1.0,1.0,1.0,0.047666311264038086
Heartbleed,Random Forest,1.0,1.0,1.0,1.0,0.05775189399719238
Heartbleed,Random Forest,1.0,1.0,1.0,1.0,0.04202413558959961
Heartbleed,Random Forest,1.0,1.0,1.0,1.0,0.08213663101196289
Heartbleed,Random Forest,1.0,1.0,1.0,1.0,0.06451845169067383
Heartbleed,Random Forest,1.0,1.0,1.0,1.0,0.09545183181762695
Heartbleed,Random Forest,1.0,1.0,1.0,1.0,0.1020355224609375
Heartbleed,Random Forest,1.0,1.0,1.0,1.0,0.06730389595031738
Heartbleed,Random Forest,1.0,1.0,1.0,1.0,0.09247541427612305
Heartbleed,Random Forest,1.0,1.0,1.0,1.0,0.07866954803466797
Heartbleed,SVM,1.0,1.0,1.0,1.0,0.02069687843322754
Heartbleed,SVM,1.0,1.0,1.0,1.0,0.02122807502746582
Heartbleed,SVM,1.0,1.0,1.0,1.0,0.022930383682250977
Heartbleed,SVM,1.0,1.0,1.0,1.0,0.020030736923217773
Heartbleed,SVM,1.0,1.0,1.0,1.0,0.01716136932373047
Heartbleed,SVM,1.0,1.0,1.0,1.0,0.023032426834106445
Heartbleed,SVM,1.0,1.0,1.0,1.0,0.017085552215576172
Heartbleed,SVM,1.0,1.0,1.0,1.0,0.0199737548828125
Heartbleed,SVM,1.0,1.0,1.0,1.0,0.01817631721496582
Heartbleed,SVM,1.0,1.0,1.0,1.0,0.02478313446044922
Heartbleed,Nearest Neighbors,1.0,1.0,1.0,1.0,0.034612178802490234
Heartbleed,Nearest Neighbors,1.0,1.0,1.0,1.0,0.023993968963623047
Heartbleed,Nearest Neighbors,1.0,1.0,1.0,1.0,0.023072004318237305
Heartbleed,Nearest Neighbors,1.0,1.0,1.0,1.0,0.02367711067199707
Heartbleed,Nearest Neighbors,1.0,1.0,1.0,1.0,0.026755094528198242
Heartbleed,Nearest Neighbors,1.0,1.0,1.0,1.0,0.022663593292236328
Heartbleed,Nearest Neighbors,1.0,1.0,1.0,1.0,0.047797441482543945
Heartbleed,Nearest Neighbors,1.0,1.0,1.0,1.0,0.02762007713317871
Heartbleed,Nearest Neighbors,1.0,1.0,1.0,1.0,0.02254962921142578
Heartbleed,Nearest Neighbors,1.0,1.0,1.0,1.0,0.02490830421447754
Infiltration,Naive Bayes,0.8958333333333334,0.890625,0.8795066413662238,0.8845598845598845,0.019814252853393555
Infiltration,Naive Bayes,0.8958333333333334,0.890625,0.8795066413662238,0.8845598845598845,0.019269227981567383
Infiltration,Naive Bayes,0.8958333333333334,0.890625,0.8795066413662238,0.8845598845598845,0.019930124282836914
Infiltration,Naive Bayes,0.8958333333333334,0.890625,0.8795066413662238,0.8845598845598845,0.01918792724609375
Infiltration,Naive Bayes,0.8958333333333334,0.890625,0.8795066413662238,0.8845598845598845,0.01811361312866211
Infiltration,Naive Bayes,0.8958333333333334,0.890625,0.8795066413662238,0.8845598845598845,0.019114255905151367
Infiltration,Naive Bayes,0.8958333333333334,0.890625,0.8795066413662238,0.8845598845598845,0.019163846969604492
Infiltration,Naive Bayes,0.8958333333333334,0.890625,0.8795066413662238,0.8845598845598845,0.023396968841552734
Infiltration,Naive Bayes,0.8958333333333334,0.890625,0.8795066413662238,0.8845598845598845,0.029140233993530273
Infiltration,Naive Bayes,0.8958333333333334,0.890625,0.8795066413662238,0.8845598845598845,0.0222320556640625
Infiltration,Random Forest,0.8958333333333334,0.890625,0.8795066413662238,0.8845598845598845,0.048142194747924805
Infiltration,Random Forest,0.875,0.8727272727272728,0.8500948766603416,0.859375,0.06581783294677734
Infiltration,Random Forest,0.875,0.8633776091081593,0.8633776091081593,0.8633776091081593,0.050670623779296875
Infiltration,Random Forest,0.8958333333333334,0.890625,0.8795066413662238,0.8845598845598845,0.06277942657470703
Infiltration,Random Forest,0.8958333333333334,0.890625,0.8795066413662238,0.8845598845598845,0.16576099395751953
Infiltration,Random Forest,0.9166666666666666,0.9212121212121211,0.8956356736242884,0.9062499999999999,0.11489200592041016
Infiltration,Random Forest,0.875,0.8633776091081593,0.8633776091081593,0.8633776091081593,0.26958346366882324
Infiltration,Random Forest,0.8958333333333334,0.890625,0.8795066413662238,0.8845598845598845,0.28362417221069336
Infiltration,Random Forest,0.8958333333333334,0.890625,0.8795066413662238,0.8845598845598845,0.11089539527893066
Infiltration,Random Forest,0.8333333333333334,0.8166969147005445,0.8311195445920303,0.8222222222222222,0.05733036994934082
Infiltration,SVM,0.6041666666666666,0.48809523809523814,0.49430740037950666,0.4568195354377606,0.06439495086669922
Infiltration,SVM,0.5416666666666666,0.4188034188034188,0.4459203036053131,0.4197802197802198,0.08007359504699707
Infiltration,SVM,0.5625,0.46578947368421053,0.47533206831119545,0.45893719806763283,0.07702946662902832
Infiltration,SVM,0.5625,0.48611111111111105,0.4886148007590133,0.48121461657231085,0.10860753059387207
Infiltration,SVM,0.5625,0.48611111111111105,0.4886148007590133,0.48121461657231085,0.049213409423828125
Infiltration,SVM,0.6041666666666666,0.48809523809523814,0.49430740037950666,0.4568195354377606,0.05030417442321777
Infiltration,SVM,0.5,0.4363636363636364,0.4402277039848197,0.4375,0.042415618896484375
Infiltration,SVM,0.4791666666666667,0.4535714285714285,0.4506641366223909,0.45029775538250105,0.07504129409790039
Infiltration,SVM,0.5625,0.3068181818181818,0.43548387096774194,0.36,0.05371975898742676
Infiltration,SVM,0.3958333333333333,0.6847826086956521,0.532258064516129,0.33044733044733043,0.049271345138549805
Infiltration,Nearest Neighbors,0.8333333333333334,0.8166969147005445,0.8311195445920303,0.8222222222222222,0.0661172866821289
Infiltration,Nearest Neighbors,0.8333333333333334,0.8166969147005445,0.8311195445920303,0.8222222222222222,0.07131433486938477
Infiltration,Nearest Neighbors,0.8333333333333334,0.8166969147005445,0.8311195445920303,0.8222222222222222,0.08171486854553223
Infiltration,Nearest Neighbors,0.8333333333333334,0.8166969147005445,0.8311195445920303,0.8222222222222222,0.11009597778320312
Infiltration,Nearest Neighbors,0.8333333333333334,0.8166969147005445,0.8311195445920303,0.8222222222222222,0.0913991928100586
Infiltration,Nearest Neighbors,0.8333333333333334,0.8166969147005445,0.8311195445920303,0.8222222222222222,0.06277179718017578
Infiltration,Nearest Neighbors,0.8333333333333334,0.8166969147005445,0.8311195445920303,0.8222222222222222,0.09196019172668457
Infiltration,Nearest Neighbors,0.8333333333333334,0.8166969147005445,0.8311195445920303,0.8222222222222222,0.08035659790039062
Infiltration,Nearest Neighbors,0.8333333333333334,0.8166969147005445,0.8311195445920303,0.8222222222222222,0.06475305557250977
Infiltration,Nearest Neighbors,0.8333333333333334,0.8166969147005445,0.8311195445920303,0.8222222222222222,0.09541630744934082
Bot,Naive Bayes,0.551487414187643,0.6980935774306045,0.6796994884910486,0.5506379585326953,0.016654014587402344
Bot,Naive Bayes,0.551487414187643,0.6980935774306045,0.6796994884910486,0.5506379585326953,0.015544652938842773
Bot,Naive Bayes,0.551487414187643,0.6980935774306045,0.6796994884910486,0.5506379585326953,0.016112327575683594
Bot,Naive Bayes,0.551487414187643,0.6980935774306045,0.6796994884910486,0.5506379585326953,0.015845060348510742
Bot,Naive Bayes,0.551487414187643,0.6980935774306045,0.6796994884910486,0.5506379585326953,0.015455007553100586
Bot,Naive Bayes,0.551487414187643,0.6980935774306045,0.6796994884910486,0.5506379585326953,0.015676021575927734
Bot,Naive Bayes,0.551487414187643,0.6980935774306045,0.6796994884910486,0.5506379585326953,0.016068458557128906
Bot,Naive Bayes,0.551487414187643,0.6980935774306045,0.6796994884910486,0.5506379585326953,0.01653766632080078
Bot,Naive Bayes,0.551487414187643,0.6980935774306045,0.6796994884910486,0.5506379585326953,0.018755435943603516
Bot,Naive Bayes,0.551487414187643,0.6980935774306045,0.6796994884910486,0.5506379585326953,0.02052617073059082
Bot,Random Forest,0.967581998474447,0.9544324157835298,0.9706521739130435,0.9619729953155138,0.05189013481140137
Bot,Random Forest,0.954233409610984,0.9442098280913162,0.9468030690537084,0.9454921917876564,0.053835153579711914
Bot,Random Forest,0.9565217391304348,0.9440628146857906,0.9535805626598466,0.9486244650315395,0.04868340492248535
Bot,Random Forest,0.9622425629290617,0.9513932839718577,0.959494884910486,0.9553052406291889,0.06266546249389648
Bot,Random Forest,0.9588100686498856,0.9464936074449348,0.9566815856777494,0.9513627819548873,0.05403709411621094
Bot,Random Forest,0.959954233409611,0.9484532462635942,0.9571291560102302,0.9526301363593426,0.051657676696777344
Bot,Random Forest,0.9595728451563692,0.9494439223057645,0.9546515345268543,0.9519906307003483,0.04840660095214844
Bot,Random Forest,0.954233409610984,0.9426228385081252,0.9490089514066496,0.9457277694982613,0.04827380180358887
Bot,Random Forest,0.9603356216628528,0.9487736080451312,0.9577685421994886,0.9530979101421676,0.05139946937561035
Bot,Random Forest,0.9607170099160945,0.9498624105668685,0.9573049872122762,0.953466252927679,0.048630475997924805
Bot,SVM,0.5881006864988558,0.34972442441355345,0.4230658567774936,0.3796100501173846,0.21531105041503906
Bot,SVM,0.4786422578184592,0.31774581904251886,0.34507672634271097,0.33061716152201986,0.2420368194580078
Bot,SVM,0.4469870327993898,0.6260831043527134,0.58980179028133,0.4394518337572695,0.25097012519836426
Bot,SVM,0.446605644546148,0.5790575825710242,0.5667359335038363,0.443955918360427,0.24692344665527344
Bot,SVM,0.4935163996948894,0.44425595164975556,0.43692455242966755,0.4371120261546102,0.24162578582763672
Bot,SVM,0.32799389778794813,0.5133720930232558,0.5039162404092071,0.28954060291715056,0.2336263656616211
Bot,SVM,0.6853546910755148,0.42852490742291444,0.4919916879795396,0.41806300786488587,0.23941445350646973
Bot,SVM,0.4874141876430206,0.5155656124700467,0.5182384910485933,0.47822286186402274,0.26376795768737793
Bot,SVM,0.3916857360793288,0.31322192862091486,0.2974584398976982,0.3047873388240985,0.2371203899383545
Bot,SVM,0.6136536994660564,0.3571198126095365,0.4409047314578005,0.3894003236349367,0.23672747611999512
Bot,Nearest Neighbors,0.9660564454614798,0.9536004451864218,0.9673593350383631,0.9600732908455394,0.3123190402984619
Bot,Nearest Neighbors,0.9660564454614798,0.9536004451864218,0.9673593350383631,0.9600732908455394,0.2773258686065674
Bot,Nearest Neighbors,0.9660564454614798,0.9536004451864218,0.9673593350383631,0.9600732908455394,0.2799103260040283
Bot,Nearest Neighbors,0.9660564454614798,0.9536004451864218,0.9673593350383631,0.9600732908455394,0.26552462577819824
Bot,Nearest Neighbors,0.9660564454614798,0.9536004451864218,0.9673593350383631,0.9600732908455394,0.2948331832885742
Bot,Nearest Neighbors,0.9660564454614798,0.9536004451864218,0.9673593350383631,0.9600732908455394,0.27857089042663574
Bot,Nearest Neighbors,0.9660564454614798,0.9536004451864218,0.9673593350383631,0.9600732908455394,0.2644686698913574
Bot,Nearest Neighbors,0.9660564454614798,0.9536004451864218,0.9673593350383631,0.9600732908455394,0.3149855136871338
Bot,Nearest Neighbors,0.9660564454614798,0.9536004451864218,0.9673593350383631,0.9600732908455394,0.27779126167297363
Bot,Nearest Neighbors,0.9660564454614798,0.9536004451864218,0.9673593350383631,0.9600732908455394,0.26879310607910156
Web Attack,Naive Bayes,0.4929480564155487,0.6787210082780222,0.6348724309758549,0.48752650322057184,0.01706671714782715
Web Attack,Naive Bayes,0.4929480564155487,0.6787210082780222,0.6348724309758549,0.48752650322057184,0.016765832901000977
Web Attack,Naive Bayes,0.4929480564155487,0.6787210082780222,0.6348724309758549,0.48752650322057184,0.016511917114257812
Web Attack,Naive Bayes,0.4929480564155487,0.6787210082780222,0.6348724309758549,0.48752650322057184,0.016222238540649414
Web Attack,Naive Bayes,0.4929480564155487,0.6787210082780222,0.6348724309758549,0.48752650322057184,0.016238689422607422
Web Attack,Naive Bayes,0.4929480564155487,0.6787210082780222,0.6348724309758549,0.48752650322057184,0.015734195709228516
Web Attack,Naive Bayes,0.4929480564155487,0.6787210082780222,0.6348724309758549,0.48752650322057184,0.015865802764892578
Web Attack,Naive Bayes,0.4929480564155487,0.6787210082780222,0.6348724309758549,0.48752650322057184,0.01855778694152832
Web Attack,Naive Bayes,0.4929480564155487,0.6787210082780222,0.6348724309758549,0.48752650322057184,0.017366647720336914
Web Attack,Naive Bayes,0.4929480564155487,0.6787210082780222,0.6348724309758549,0.48752650322057184,0.019073009490966797
Web Attack,Random Forest,0.9587203302373581,0.9673375236445791,0.9349376590602878,0.9492271417343463,0.05490589141845703
Web Attack,Random Forest,0.9604403164774682,0.9710240480937546,0.9358412284266131,0.9512173803030606,0.053420066833496094
Web Attack,Random Forest,0.9552803577571379,0.9613381622078884,0.9321520990611433,0.9451561014290674,0.059438467025756836
Web Attack,Random Forest,0.957688338493292,0.9670636048324808,0.932895271498535,0.9478622427367727,0.061202049255371094
Web Attack,Random Forest,0.9518403852769178,0.9577528841633214,0.9274096965290104,0.9408514324248907,0.05674624443054199
Web Attack,Random Forest,0.9621603027175782,0.9717323312708326,0.9390277807480913,0.9534582132564842,0.05499982833862305
Web Attack,Random Forest,0.957688338493292,0.9626342607560716,0.936482816142347,0.9482773809356769,0.05388808250427246
Web Attack,Random Forest,0.9583763329893361,0.9658725034720423,0.9353439979469194,0.9488973427117982,0.055919647216796875
Web Attack,Random Forest,0.9587203302373581,0.9698962041274037,0.9329808165272996,0.9490021472780095,0.060637474060058594
Web Attack,Random Forest,0.9594083247334021,0.9703467548289457,0.9341249812870249,0.949889268058948,0.052912235260009766
Web Attack,SVM,0.5256277949776402,0.4378021499648611,0.43743985115164996,0.4376165537504898,0.2342541217803955
Web Attack,SVM,0.5727554179566563,0.3808132407029015,0.4244958189867192,0.3958666871921182,0.2578287124633789
Web Attack,SVM,0.6735466116271069,0.6902732667231806,0.7248551081075301,0.6649364977901846,0.2670302391052246
Web Attack,SVM,0.804265565875473,0.7780256878548846,0.8205960349879167,0.7868017026651672,0.36788177490234375
Web Attack,SVM,0.8651530787753698,0.8359428975523888,0.8716289912102483,0.8485309599004689,0.369765043258667
Web Attack,SVM,0.6701066391468868,0.35651629572331955,0.47974721444000085,0.40323124435273966,0.38509345054626465
Web Attack,SVM,0.8125214998280014,0.7795683964659287,0.8098654804422678,0.7896801822940347,0.3723733425140381
Web Attack,SVM,0.8118335053319573,0.7843268483177834,0.8260067580572723,0.7940603002098212,0.35425758361816406
Web Attack,SVM,0.6154110767113863,0.34006084023826566,0.4406424431660215,0.38264357126249715,0.4047560691833496
Web Attack,SVM,0.7801857585139319,0.7592430060076293,0.803380097949058,0.7639680025616249,0.38956141471862793
Web Attack,Nearest Neighbors,0.9518403852769178,0.9422406989315517,0.9433905772150817,0.9428127718985857,0.523453950881958
Web Attack,Nearest Neighbors,0.9518403852769178,0.9422406989315517,0.9433905772150817,0.9428127718985857,0.4795951843261719
Web Attack,Nearest Neighbors,0.9518403852769178,0.9422406989315517,0.9433905772150817,0.9428127718985857,0.45960068702697754
Web Attack,Nearest Neighbors,0.9518403852769178,0.9422406989315517,0.9433905772150817,0.9428127718985857,0.32683420181274414
Web Attack,Nearest Neighbors,0.9518403852769178,0.9422406989315517,0.9433905772150817,0.9428127718985857,0.3254070281982422
Web Attack,Nearest Neighbors,0.9518403852769178,0.9422406989315517,0.9433905772150817,0.9428127718985857,0.3679771423339844
Web Attack,Nearest Neighbors,0.9518403852769178,0.9422406989315517,0.9433905772150817,0.9428127718985857,0.3210463523864746
Web Attack,Nearest Neighbors,0.9518403852769178,0.9422406989315517,0.9433905772150817,0.9428127718985857,0.31290292739868164
Web Attack,Nearest Neighbors,0.9518403852769178,0.9422406989315517,0.9433905772150817,0.9428127718985857,0.36582064628601074
Web Attack,Nearest Neighbors,0.9518403852769178,0.9422406989315517,0.9433905772150817,0.9428127718985857,0.30039191246032715
DoS Slowhttptest,Naive Bayes,0.736088379705401,0.8251469220361914,0.5652377056329195,0.5382874992478316,0.02709221839904785
DoS Slowhttptest,Naive Bayes,0.736088379705401,0.8251469220361914,0.5652377056329195,0.5382874992478316,0.02527308464050293
DoS Slowhttptest,Naive Bayes,0.736088379705401,0.8251469220361914,0.5652377056329195,0.5382874992478316,0.024237871170043945
DoS Slowhttptest,Naive Bayes,0.736088379705401,0.8251469220361914,0.5652377056329195,0.5382874992478316,0.02879953384399414
DoS Slowhttptest,Naive Bayes,0.736088379705401,0.8251469220361914,0.5652377056329195,0.5382874992478316,0.0265653133392334
DoS Slowhttptest,Naive Bayes,0.736088379705401,0.8251469220361914,0.5652377056329195,0.5382874992478316,0.025296688079833984
DoS Slowhttptest,Naive Bayes,0.736088379705401,0.8251469220361914,0.5652377056329195,0.5382874992478316,0.028598785400390625
DoS Slowhttptest,Naive Bayes,0.736088379705401,0.8251469220361914,0.5652377056329195,0.5382874992478316,0.024308443069458008
DoS Slowhttptest,Naive Bayes,0.736088379705401,0.8251469220361914,0.5652377056329195,0.5382874992478316,0.02493739128112793
DoS Slowhttptest,Naive Bayes,0.736088379705401,0.8251469220361914,0.5652377056329195,0.5382874992478316,0.02482318878173828
DoS Slowhttptest,Random Forest,0.9809056192034915,0.9853557110315208,0.9694701824479506,0.9769542296020415,0.08827805519104004
DoS Slowhttptest,Random Forest,0.9937261320240044,0.9926743952169925,0.9924204982951312,0.9925473263075723,0.08584141731262207
DoS Slowhttptest,Random Forest,0.9893617021276596,0.9909769947895082,0.9837611771692949,0.9872734744952769,0.09981632232666016
DoS Slowhttptest,Random Forest,0.9897708674304418,0.9895490019844624,0.9861139375615185,0.9878094585787948,0.08304429054260254
DoS Slowhttptest,Random Forest,0.9909983633387889,0.9906942828081653,0.9878935630303056,0.9892793072854063,0.08546209335327148
DoS Slowhttptest,Random Forest,0.9937261320240044,0.9929261282249776,0.9921630028947467,0.9925434800064663,0.08761000633239746
DoS Slowhttptest,Random Forest,0.9736770321876704,0.9801120048878635,0.957731299396547,0.9680143750822625,0.08377623558044434
DoS Slowhttptest,Random Forest,0.9788597926895799,0.9830627369973315,0.9668474672004851,0.9744745955787993,0.0810096263885498
DoS Slowhttptest,Random Forest,0.9924986361156574,0.9937380488251049,0.9884521619230753,0.9910438809191955,0.0877828598022461
DoS Slowhttptest,Random Forest,0.9916803055100928,0.9922252914936339,0.9879953152449736,0.9900772550737502,0.08221817016601562
DoS Slowhttptest,SVM,0.867430441898527,0.8391484900420476,0.8788691798771497,0.852252575290463,0.5079753398895264
DoS Slowhttptest,SVM,0.8769776322967813,0.8487628566440333,0.8842848895884642,0.8616281332344107,0.5317044258117676
DoS Slowhttptest,SVM,0.8915711947626841,0.8654076515925342,0.8894493336268228,0.87554590145632,0.5443556308746338
DoS Slowhttptest,SVM,0.9112111292962357,0.8902036773210902,0.9035035987058779,0.8963660263749311,0.5223641395568848
DoS Slowhttptest,SVM,0.851063829787234,0.8252031745872586,0.8725646957193467,0.837109454439603,0.5332939624786377
DoS Slowhttptest,SVM,0.8326513911620295,0.8015220027849732,0.8345405160706202,0.8126249944936346,0.5235996246337891
DoS Slowhttptest,SVM,0.82924168030551,0.8072305436090101,0.7718466158044032,0.7855988131362203,0.5442025661468506
DoS Slowhttptest,SVM,0.8822967812329514,0.8546131412664044,0.8829413450396835,0.8659410460317771,0.5306785106658936
DoS Slowhttptest,SVM,0.8762956901254774,0.8511018958617211,0.8585623450355302,0.8546579287331393,0.606065034866333
DoS Slowhttptest,SVM,0.8393344244408074,0.8073784559293486,0.8321129989492526,0.8170682704555303,0.7873780727386475
DoS Slowhttptest,Nearest Neighbors,0.993998908892526,0.9936322833783698,0.99210070562046,0.992862141320433,1.2648990154266357
DoS Slowhttptest,Nearest Neighbors,0.993998908892526,0.9936322833783698,0.99210070562046,0.992862141320433,1.1996774673461914
DoS Slowhttptest,Nearest Neighbors,0.993998908892526,0.9936322833783698,0.99210070562046,0.992862141320433,1.011171817779541
DoS Slowhttptest,Nearest Neighbors,0.993998908892526,0.9936322833783698,0.99210070562046,0.992862141320433,0.820206880569458
DoS Slowhttptest,Nearest Neighbors,0.993998908892526,0.9936322833783698,0.99210070562046,0.992862141320433,0.8097012042999268
DoS Slowhttptest,Nearest Neighbors,0.993998908892526,0.9936322833783698,0.99210070562046,0.992862141320433,0.9047222137451172
DoS Slowhttptest,Nearest Neighbors,0.993998908892526,0.9936322833783698,0.99210070562046,0.992862141320433,0.8125972747802734
DoS Slowhttptest,Nearest Neighbors,0.993998908892526,0.9936322833783698,0.99210070562046,0.992862141320433,0.8290932178497314
DoS Slowhttptest,Nearest Neighbors,0.993998908892526,0.9936322833783698,0.99210070562046,0.992862141320433,0.9360084533691406
DoS Slowhttptest,Nearest Neighbors,0.993998908892526,0.9936322833783698,0.99210070562046,0.992862141320433,0.8264031410217285
SSH-Patator,Naive Bayes,0.7306371613887829,0.7619608967150664,0.8068640085321009,0.7256800251426794,0.02640676498413086
SSH-Patator,Naive Bayes,0.7306371613887829,0.7619608967150664,0.8068640085321009,0.7256800251426794,0.026486635208129883
SSH-Patator,Naive Bayes,0.7306371613887829,0.7619608967150664,0.8068640085321009,0.7256800251426794,0.026633024215698242
SSH-Patator,Naive Bayes,0.7306371613887829,0.7619608967150664,0.8068640085321009,0.7256800251426794,0.0290679931640625
SSH-Patator,Naive Bayes,0.7306371613887829,0.7619608967150664,0.8068640085321009,0.7256800251426794,0.027186155319213867
SSH-Patator,Naive Bayes,0.7306371613887829,0.7619608967150664,0.8068640085321009,0.7256800251426794,0.02667069435119629
SSH-Patator,Naive Bayes,0.7306371613887829,0.7619608967150664,0.8068640085321009,0.7256800251426794,0.02663278579711914
SSH-Patator,Naive Bayes,0.7306371613887829,0.7619608967150664,0.8068640085321009,0.7256800251426794,0.03463125228881836
SSH-Patator,Naive Bayes,0.7306371613887829,0.7619608967150664,0.8068640085321009,0.7256800251426794,0.03531765937805176
SSH-Patator,Naive Bayes,0.7306371613887829,0.7619608967150664,0.8068640085321009,0.7256800251426794,0.026522397994995117
SSH-Patator,Random Forest,0.9582856416126161,0.9419990748161418,0.9629298916082492,0.9514468516803829,0.09658575057983398
SSH-Patator,Random Forest,0.9562507948620119,0.938190654562115,0.9636716826088083,0.949368364321236,0.09664201736450195
SSH-Patator,Random Forest,0.9562507948620119,0.938406882912155,0.9631842530153052,0.9493243045766533,0.10163736343383789
SSH-Patator,Random Forest,0.9579041078468777,0.9414718895162656,0.9626577087013357,0.9510190865657817,0.08948087692260742
SSH-Patator,Random Forest,0.956759506549663,0.9390360828108626,0.9636690209562322,0.9499026393732102,0.09214138984680176
SSH-Patator,Random Forest,0.9585399974564416,0.942041623644242,0.9637206338714037,0.9517857062246359,0.10905218124389648
SSH-Patator,Random Forest,0.9571410403154013,0.9404211793781396,0.9621133428875088,0.9501643599600199,0.0940701961517334
SSH-Patator,Random Forest,0.9582856416126161,0.9417524908880711,0.9634173212017523,0.95148991301129,0.09138798713684082
SSH-Patator,Random Forest,0.9557420831743609,0.9378872874388876,0.9624557702776265,0.9487238779466974,0.09105873107910156
SSH-Patator,Random Forest,0.9450591377336894,0.9237469295315378,0.9555657932743049,0.9369954260319251,0.09361457824707031
SSH-Patator,SVM,0.7808724405443215,0.7848351096162629,0.8395331322512674,0.7725509077490844,0.9064102172851562
SSH-Patator,SVM,0.7794734834032812,0.7843571224385906,0.8389007004543788,0.7712940572601803,1.1182458400726318
SSH-Patator,SVM,0.647208444614015,0.5924918150844514,0.5990462257303575,0.5944943872363,1.043665885925293
SSH-Patator,SVM,0.7002416380516342,0.6402004496719674,0.6370015071897022,0.6384793665935233,1.1074490547180176
SSH-Patator,SVM,0.7638305990080122,0.7200084362987728,0.6822434676102341,0.6942028112893466,0.764380931854248
SSH-Patator,SVM,0.700877527661198,0.350438763830599,0.5,0.41206819201435624,0.7383928298950195
SSH-Patator,SVM,0.7893933613124762,0.7646315983831569,0.7003578649750591,0.7180643027922814,0.7216167449951172
SSH-Patator,SVM,0.6969350120819026,0.6368019328826203,0.6345207312647433,0.6355962490869014,0.7175703048706055
SSH-Patator,SVM,0.7765483911992878,0.7542221773115556,0.6725501918241439,0.6896916386000556,0.705700159072876
SSH-Patator,SVM,0.7481877146127432,0.6969990603503298,0.6714495406219101,0.6803175481882784,0.719322681427002
SSH-Patator,Nearest Neighbors,0.9537072364237569,0.9364308298989481,0.9582014079447783,0.9461894486248371,0.9530270099639893
SSH-Patator,Nearest Neighbors,0.9537072364237569,0.9364308298989481,0.9582014079447783,0.9461894486248371,0.918889045715332
SSH-Patator,Nearest Neighbors,0.9537072364237569,0.9364308298989481,0.9582014079447783,0.9461894486248371,0.8222157955169678
SSH-Patator,Nearest Neighbors,0.9537072364237569,0.9364308298989481,0.9582014079447783,0.9461894486248371,0.7968111038208008
SSH-Patator,Nearest Neighbors,0.9537072364237569,0.9364308298989481,0.9582014079447783,0.9461894486248371,0.8518111705780029
SSH-Patator,Nearest Neighbors,0.9537072364237569,0.9364308298989481,0.9582014079447783,0.9461894486248371,0.9023685455322266
SSH-Patator,Nearest Neighbors,0.9537072364237569,0.9364308298989481,0.9582014079447783,0.9461894486248371,1.0401859283447266
SSH-Patator,Nearest Neighbors,0.9537072364237569,0.9364308298989481,0.9582014079447783,0.9461894486248371,1.2239887714385986
SSH-Patator,Nearest Neighbors,0.9537072364237569,0.9364308298989481,0.9582014079447783,0.9461894486248371,1.2212302684783936
SSH-Patator,Nearest Neighbors,0.9537072364237569,0.9364308298989481,0.9582014079447783,0.9461894486248371,1.147524356842041
DoS slowloris,Naive Bayes,0.41563146997929606,0.6668676251464324,0.5849013307196805,0.3971247015046192,0.028931379318237305
DoS slowloris,Naive Bayes,0.41563146997929606,0.6668676251464324,0.5849013307196805,0.3971247015046192,0.024988174438476562
DoS slowloris,Naive Bayes,0.41563146997929606,0.6668676251464324,0.5849013307196805,0.3971247015046192,0.025289297103881836
DoS slowloris,Naive Bayes,0.41563146997929606,0.6668676251464324,0.5849013307196805,0.3971247015046192,0.025451183319091797
DoS slowloris,Naive Bayes,0.41563146997929606,0.6668676251464324,0.5849013307196805,0.3971247015046192,0.025750398635864258
DoS slowloris,Naive Bayes,0.41563146997929606,0.6668676251464324,0.5849013307196805,0.3971247015046192,0.025472640991210938
DoS slowloris,Naive Bayes,0.41563146997929606,0.6668676251464324,0.5849013307196805,0.3971247015046192,0.025499582290649414
DoS slowloris,Naive Bayes,0.41563146997929606,0.6668676251464324,0.5849013307196805,0.3971247015046192,0.024738550186157227
DoS slowloris,Naive Bayes,0.41563146997929606,0.6668676251464324,0.5849013307196805,0.3971247015046192,0.025136470794677734
DoS slowloris,Naive Bayes,0.41563146997929606,0.6668676251464324,0.5849013307196805,0.3971247015046192,0.026268482208251953
DoS slowloris,Random Forest,0.9563923395445134,0.9521614936968761,0.9423817795807837,0.9470855960685688,0.09330582618713379
DoS slowloris,Random Forest,0.9561335403726708,0.9519612550980134,0.9419441428192957,0.9467575356008497,0.09037303924560547
DoS slowloris,Random Forest,0.9563923395445134,0.9522789764504671,0.9422548223060474,0.9470716504350631,0.09600234031677246
DoS slowloris,Random Forest,0.9651915113871635,0.9698329779673063,0.946470061118792,0.9571783946203147,0.09206485748291016
DoS slowloris,Random Forest,0.9563923395445134,0.9522789764504671,0.9422548223060474,0.9470716504350631,0.09827136993408203
DoS slowloris,Random Forest,0.9565217391304348,0.9529721922979941,0.9418388543131101,0.9471659414875695,0.09408235549926758
DoS slowloris,Random Forest,0.9557453416149069,0.9518976986395491,0.9410337731275913,0.9462367017521991,0.08858299255371094
DoS slowloris,Random Forest,0.9550983436853002,0.9517591063228202,0.9395588093996625,0.9453710991655921,0.08686256408691406
DoS slowloris,Random Forest,0.9554865424430642,0.950875559349215,0.9414848372892571,0.9460078062706069,0.08989095687866211
DoS slowloris,Random Forest,0.9553571428571429,0.950774938857794,0.9412660189085131,0.9458437281507741,0.08583593368530273
DoS slowloris,SVM,0.5236801242236024,0.649088000326078,0.6411652330035847,0.5233703971010255,0.75435471534729
DoS slowloris,SVM,0.6191770186335404,0.6723172508365121,0.6968977881373342,0.6157388513473501,0.7682180404663086
DoS slowloris,SVM,0.6920289855072463,0.3503209747150531,0.49127319492926697,0.4089935760171306,0.9596068859100342
DoS slowloris,SVM,0.7907608695652174,0.7675666520979021,0.8150238537362143,0.773819788422759,1.0923826694488525
DoS slowloris,SVM,0.6238354037267081,0.34004677754677753,0.4429893493379367,0.3844993357803808,0.8936259746551514
DoS slowloris,SVM,0.7417184265010351,0.693086240753926,0.7014949842228049,0.696746991590041,0.7730965614318848
DoS slowloris,SVM,0.655667701863354,0.3524867271552572,0.46622196778951625,0.3981611204485334,0.7762284278869629
DoS slowloris,SVM,0.5279503105590062,0.4809239863094845,0.47826349142153957,0.4752044900505746,1.0791192054748535
DoS slowloris,SVM,0.46622670807453415,0.6652021635465344,0.6167563903771371,0.45890420922384156,1.1247458457946777
DoS slowloris,SVM,0.6155538302277432,0.5812976016824973,0.5944103019516767,0.5790054339918648,1.092968463897705
DoS slowloris,Nearest Neighbors,0.9528985507246377,0.9454992491470904,0.9409171879164655,0.9431658853721543,1.0884654521942139
DoS slowloris,Nearest Neighbors,0.9528985507246377,0.9454992491470904,0.9409171879164655,0.9431658853721543,0.8406987190246582
DoS slowloris,Nearest Neighbors,0.9528985507246377,0.9454992491470904,0.9409171879164655,0.9431658853721543,0.7964737415313721
DoS slowloris,Nearest Neighbors,0.9528985507246377,0.9454992491470904,0.9409171879164655,0.9431658853721543,0.8050065040588379
DoS slowloris,Nearest Neighbors,0.9528985507246377,0.9454992491470904,0.9409171879164655,0.9431658853721543,0.7956113815307617
DoS slowloris,Nearest Neighbors,0.9528985507246377,0.9454992491470904,0.9409171879164655,0.9431658853721543,0.8725042343139648
DoS slowloris,Nearest Neighbors,0.9528985507246377,0.9454992491470904,0.9409171879164655,0.9431658853721543,0.8241770267486572
DoS slowloris,Nearest Neighbors,0.9528985507246377,0.9454992491470904,0.9409171879164655,0.9431658853721543,0.7957899570465088
DoS slowloris,Nearest Neighbors,0.9528985507246377,0.9454992491470904,0.9409171879164655,0.9431658853721543,0.8110232353210449
DoS slowloris,Nearest Neighbors,0.9528985507246377,0.9454992491470904,0.9409171879164655,0.9431658853721543,0.8684806823730469
FTP-Patator,Naive Bayes,0.5625472411186697,0.699651705962509,0.6904187255757359,0.5623369522969006,0.04856085777282715
FTP-Patator,Naive Bayes,0.5625472411186697,0.699651705962509,0.6904187255757359,0.5623369522969006,0.04659104347229004
FTP-Patator,Naive Bayes,0.5625472411186697,0.699651705962509,0.6904187255757359,0.5623369522969006,0.051465749740600586
FTP-Patator,Naive Bayes,0.5625472411186697,0.699651705962509,0.6904187255757359,0.5623369522969006,0.049249887466430664
FTP-Patator,Naive Bayes,0.5625472411186697,0.699651705962509,0.6904187255757359,0.5623369522969006,0.04821419715881348
FTP-Patator,Naive Bayes,0.5625472411186697,0.699651705962509,0.6904187255757359,0.5623369522969006,0.04720807075500488
FTP-Patator,Naive Bayes,0.5625472411186697,0.699651705962509,0.6904187255757359,0.5623369522969006,0.047452449798583984
FTP-Patator,Naive Bayes,0.5625472411186697,0.699651705962509,0.6904187255757359,0.5623369522969006,0.0474090576171875
FTP-Patator,Naive Bayes,0.5625472411186697,0.699651705962509,0.6904187255757359,0.5623369522969006,0.04839468002319336
FTP-Patator,Naive Bayes,0.5625472411186697,0.699651705962509,0.6904187255757359,0.5623369522969006,0.048113346099853516
FTP-Patator,Random Forest,0.9988662131519275,0.9988194044945755,0.9984412978190289,0.9986301071404458,0.13605237007141113
FTP-Patator,Random Forest,0.9986772486772487,0.9984965779643207,0.9983077329732962,0.9984020945140132,0.15262603759765625
FTP-Patator,Random Forest,0.9985827664399093,0.9984295803152318,0.998146286412108,0.9982877962005534,0.14529013633728027
FTP-Patator,Random Forest,0.9989606953892668,0.9988862978692555,0.998602744380217,0.9987443838804058,0.15087652206420898
FTP-Patator,Random Forest,0.9989606953892668,0.9989809742725142,0.9985080802418951,0.9987441458274255,0.1441335678100586
FTP-Patator,Random Forest,0.9986772486772487,0.9985910023810014,0.9982130688349743,0.9984017916638535,0.14087224006652832
FTP-Patator,Random Forest,0.9983938019652305,0.9980131192169863,0.9981073857046974,0.9980602372405923,0.13514995574951172
FTP-Patator,Random Forest,0.99848828420257,0.9980803168130388,0.9982688322658855,0.9981745136650173,0.14159607887268066
FTP-Patator,Random Forest,0.9989606953892668,0.9989809742725142,0.9985080802418951,0.9987441458274255,0.1425151824951172
FTP-Patator,Random Forest,0.99848828420257,0.9980803168130388,0.9982688322658855,0.9981745136650173,0.1352694034576416
FTP-Patator,SVM,0.6997354497354498,0.3525659335427973,0.4945906237478296,0.4116731517509728,1.479834794998169
FTP-Patator,SVM,0.6204648526077098,0.7175162832468522,0.7316403432077445,0.6199878064466877,1.12410306930542
FTP-Patator,SVM,0.5730347694633409,0.702600827651708,0.6978315745138953,0.5729789583926956,1.1229755878448486
FTP-Patator,SVM,0.7439531368102796,0.7654803312598826,0.8178836643724594,0.7371397276182433,1.1491923332214355
FTP-Patator,SVM,0.6676114890400605,0.7335670342093799,0.7646807798030633,0.665297696678631,1.1435246467590332
FTP-Patator,SVM,0.8117913832199547,0.7786571738939339,0.8184067106911694,0.7897916274499168,1.1465706825256348
FTP-Patator,SVM,0.6732804232804233,0.5458442229811507,0.5255902179642863,0.5126781147241506,1.1449577808380127
FTP-Patator,SVM,0.801681783824641,0.7972052427643692,0.8587823888820916,0.7917353556170286,1.1495914459228516
FTP-Patator,SVM,0.74848828420257,0.7208494405075052,0.7598415231757434,0.7257757272665158,1.1302704811096191
FTP-Patator,SVM,0.78354119425548,0.7867418478121112,0.8462441561067275,0.7745380471689847,1.3580074310302734
FTP-Patator,Nearest Neighbors,0.99848828420257,0.9981741681275637,0.9981741681275637,0.9981741681275637,1.8305273056030273
FTP-Patator,Nearest Neighbors,0.99848828420257,0.9981741681275637,0.9981741681275637,0.9981741681275637,1.5855276584625244
FTP-Patator,Nearest Neighbors,0.99848828420257,0.9981741681275637,0.9981741681275637,0.9981741681275637,1.1603071689605713
FTP-Patator,Nearest Neighbors,0.99848828420257,0.9981741681275637,0.9981741681275637,0.9981741681275637,1.212446689605713
FTP-Patator,Nearest Neighbors,0.99848828420257,0.9981741681275637,0.9981741681275637,0.9981741681275637,1.4868648052215576
FTP-Patator,Nearest Neighbors,0.99848828420257,0.9981741681275637,0.9981741681275637,0.9981741681275637,1.146667242050171
FTP-Patator,Nearest Neighbors,0.99848828420257,0.9981741681275637,0.9981741681275637,0.9981741681275637,1.5940909385681152
FTP-Patator,Nearest Neighbors,0.99848828420257,0.9981741681275637,0.9981741681275637,0.9981741681275637,1.1937901973724365
FTP-Patator,Nearest Neighbors,0.99848828420257,0.9981741681275637,0.9981741681275637,0.9981741681275637,1.154613733291626
FTP-Patator,Nearest Neighbors,0.99848828420257,0.9981741681275637,0.9981741681275637,0.9981741681275637,1.357362985610962
DoS GoldenEye,Naive Bayes,0.882250072865054,0.9018038863028714,0.8171829548431451,0.8452888531326539,0.03779411315917969
DoS GoldenEye,Naive Bayes,0.882250072865054,0.9018038863028714,0.8171829548431451,0.8452888531326539,0.03877878189086914
DoS GoldenEye,Naive Bayes,0.882250072865054,0.9018038863028714,0.8171829548431451,0.8452888531326539,0.03747415542602539
DoS GoldenEye,Naive Bayes,0.882250072865054,0.9018038863028714,0.8171829548431451,0.8452888531326539,0.03880739212036133
DoS GoldenEye,Naive Bayes,0.882250072865054,0.9018038863028714,0.8171829548431451,0.8452888531326539,0.03830313682556152
DoS GoldenEye,Naive Bayes,0.882250072865054,0.9018038863028714,0.8171829548431451,0.8452888531326539,0.04278278350830078
DoS GoldenEye,Naive Bayes,0.882250072865054,0.9018038863028714,0.8171829548431451,0.8452888531326539,0.03782200813293457
DoS GoldenEye,Naive Bayes,0.882250072865054,0.9018038863028714,0.8171829548431451,0.8452888531326539,0.051500797271728516
DoS GoldenEye,Naive Bayes,0.882250072865054,0.9018038863028714,0.8171829548431451,0.8452888531326539,0.03903698921203613
DoS GoldenEye,Naive Bayes,0.882250072865054,0.9018038863028714,0.8171829548431451,0.8452888531326539,0.037398338317871094
DoS GoldenEye,Random Forest,0.9904546779364617,0.9882316339188387,0.989104797641383,0.9886667724652429,0.14556670188903809
DoS GoldenEye,Random Forest,0.9895074322354999,0.9882597387184942,0.986772503597638,0.9875119666749193,0.14971137046813965
DoS GoldenEye,Random Forest,0.9906004080443019,0.9882101258159661,0.9894848273310448,0.9888443962476129,0.14869117736816406
DoS GoldenEye,Random Forest,0.9904546779364617,0.9890206871345306,0.9882774040070443,0.9886480075704532,0.1582655906677246
DoS GoldenEye,Random Forest,0.991183328475663,0.9889010469665533,0.9901775524553532,0.9895362166353578,0.14917445182800293
DoS GoldenEye,Random Forest,0.9909647333139027,0.9890654037243525,0.9894696089818041,0.9892671982612945,0.15251445770263672
DoS GoldenEye,Random Forest,0.9914019236374235,0.9892575715956238,0.9903339001726765,0.9897935476024979,0.15844368934631348
DoS GoldenEye,Random Forest,0.9914747886913436,0.9893114504323831,0.9904549655479792,0.9898807378071895,0.14438152313232422
DoS GoldenEye,Random Forest,0.9904546779364617,0.988492494990292,0.9888289997632702,0.9886605335517915,0.14648151397705078
DoS GoldenEye,Random Forest,0.9910375983678228,0.9888580531069737,0.9898664722352196,0.9893603400930594,0.15451693534851074
DoS GoldenEye,SVM,0.7595453220635383,0.8024062901741724,0.6122746207905365,0.6142911264475325,1.565199613571167
DoS GoldenEye,SVM,0.7384144564266978,0.760173653382184,0.5793720449776671,0.5661408771546443,1.5362257957458496
DoS GoldenEye,SVM,0.8623579131448558,0.8371620757737837,0.8871426148606802,0.8496286808725872,1.9733898639678955
DoS GoldenEye,SVM,0.7357913144855727,0.6908949021782411,0.6115569103167284,0.617860896862915,2.1098623275756836
DoS GoldenEye,SVM,0.6990673273098222,0.3495336636549111,0.5,0.41144180461446095,1.8801119327545166
DoS GoldenEye,SVM,0.7924803264354415,0.7937097538763707,0.849022769981844,0.7841891448475252,2.078234910964966
DoS GoldenEye,SVM,0.7411104634217429,0.6900171341579612,0.645078592804926,0.6557152821772694,1.7502667903900146
DoS GoldenEye,SVM,0.8678227921888663,0.8457603758918589,0.9016695261011094,0.8570962993658893,1.5685186386108398
DoS GoldenEye,SVM,0.7530603322646459,0.7106858809862375,0.6538324497605192,0.6664616149575815,1.5497794151306152
DoS GoldenEye,SVM,0.7915330807344797,0.7524426270971702,0.7473342903479323,0.7497646274026084,1.5605661869049072
DoS GoldenEye,Nearest Neighbors,0.9707811133780239,0.9635801834730083,0.9673111624951228,0.9654170775699806,1.7020301818847656
DoS GoldenEye,Nearest Neighbors,0.9707811133780239,0.9635801834730083,0.9673111624951228,0.9654170775699806,1.4956777095794678
DoS GoldenEye,Nearest Neighbors,0.9707811133780239,0.9635801834730083,0.9673111624951228,0.9654170775699806,2.0452539920806885
DoS GoldenEye,Nearest Neighbors,0.9707811133780239,0.9635801834730083,0.9673111624951228,0.9654170775699806,2.2754807472229004
DoS GoldenEye,Nearest Neighbors,0.9707811133780239,0.9635801834730083,0.9673111624951228,0.9654170775699806,1.6057918071746826
DoS GoldenEye,Nearest Neighbors,0.9707811133780239,0.9635801834730083,0.9673111624951228,0.9654170775699806,1.5975720882415771
DoS GoldenEye,Nearest Neighbors,0.9707811133780239,0.9635801834730083,0.9673111624951228,0.9654170775699806,1.5746679306030273
DoS GoldenEye,Nearest Neighbors,0.9707811133780239,0.9635801834730083,0.9673111624951228,0.9654170775699806,1.5561881065368652
DoS GoldenEye,Nearest Neighbors,0.9707811133780239,0.9635801834730083,0.9673111624951228,0.9654170775699806,1.5165276527404785
DoS GoldenEye,Nearest Neighbors,0.9707811133780239,0.9635801834730083,0.9673111624951228,0.9654170775699806,1.582099199295044
DDoS,Naive Bayes,0.5983901864642097,0.7136005882058052,0.7133299323425857,0.5983900104778183,0.4475085735321045
DDoS,Naive Bayes,0.5983901864642097,0.7136005882058052,0.7133299323425857,0.5983900104778183,0.4157745838165283
DDoS,Naive Bayes,0.5983901864642097,0.7136005882058052,0.7133299323425857,0.5983900104778183,0.39706873893737793
DDoS,Naive Bayes,0.5983901864642097,0.7136005882058052,0.7133299323425857,0.5983900104778183,0.39554595947265625
DDoS,Naive Bayes,0.5983901864642097,0.7136005882058052,0.7133299323425857,0.5983900104778183,0.404238224029541
DDoS,Naive Bayes,0.5983901864642097,0.7136005882058052,0.7133299323425857,0.5983900104778183,0.3874490261077881
DDoS,Naive Bayes,0.5983901864642097,0.7136005882058052,0.7133299323425857,0.5983900104778183,0.4063224792480469
DDoS,Naive Bayes,0.5983901864642097,0.7136005882058052,0.7133299323425857,0.5983900104778183,0.3918278217315674
DDoS,Naive Bayes,0.5983901864642097,0.7136005882058052,0.7133299323425857,0.5983900104778183,0.38689446449279785
DDoS,Naive Bayes,0.5983901864642097,0.7136005882058052,0.7133299323425857,0.5983900104778183,0.3960533142089844
DDoS,Random Forest,0.9992443015061246,0.9993037181938319,0.9988952382453131,0.9990991768384917,1.1424593925476074
DDoS,Random Forest,0.9992443015061246,0.9993037181938319,0.9988952382453131,0.9990991768384917,1.2406182289123535
DDoS,Random Forest,0.9992325852504057,0.9992897462226537,0.9988812777045926,0.9990852105879258,1.1383864879608154
DDoS,Random Forest,0.9989338207295713,0.9987964838146921,0.9986624214098139,0.9987294200763621,1.7058911323547363
DDoS,Random Forest,0.9992443015061246,0.9993037181938319,0.9988952382453131,0.9990991768384917,1.7111856937408447
DDoS,Random Forest,0.9992150108668272,0.9992772035525965,0.9988519407204346,0.9990642454750247,1.0960032939910889
DDoS,Random Forest,0.9992443015061246,0.9993037181938319,0.9988952382453131,0.9990991768384917,1.1583013534545898
DDoS,Random Forest,0.9991974364832487,0.9992927316285745,0.9987946164926857,0.9990432260118378,1.129512071609497
DDoS,Random Forest,0.9992032946111081,0.9992969107596913,0.9988043954874051,0.9990502150894778,1.1463165283203125
DDoS,Random Forest,0.9988635231952573,0.9986513951300885,0.9986402301013904,0.9986458123898956,1.1114122867584229
DDoS,SVM,0.9725546709782488,0.9599017366539466,0.9772357035612422,0.9679185594762978,40.35872292518616
DDoS,SVM,0.9774872146359467,0.965529596340214,0.9831690656917671,0.9736870561783115,42.95117902755737
DDoS,SVM,0.9682899538965337,0.9537268758269153,0.9743426691877679,0.9630828336756626,44.79175424575806
DDoS,SVM,0.9758235063238491,0.9636267033590757,0.9811754740120155,0.9717419256329296,41.53695893287659
DDoS,SVM,0.9751498216200066,0.9636873307029237,0.9790881284397683,0.970884707670415,42.197206020355225
DDoS,SVM,0.9703227242637797,0.9552456282717384,0.9782117634964231,0.9655403037020357,44.13717079162598
DDoS,SVM,0.9772880382887237,0.9651576262116234,0.9831556344482443,0.9734652991769661,44.769773960113525
DDoS,SVM,0.9777742629010621,0.9664774384104446,0.982567928830411,0.9739768006871075,44.671119928359985
DDoS,SVM,0.9871706999876979,0.9822991654799758,0.9873887883982975,0.9847940093358578,46.38081383705139
DDoS,SVM,0.9901934939631992,0.9854866309017029,0.9914216114554922,0.9883865983248525,48.25326704978943
DDoS,Nearest Neighbors,0.9992443015061246,0.9992924994131018,0.9989064331427494,0.9990991970364651,74.0389838218689
DDoS,Nearest Neighbors,0.9992443015061246,0.9992924994131018,0.9989064331427494,0.9990991970364651,79.17818784713745
DDoS,Nearest Neighbors,0.9992443015061246,0.9992924994131018,0.9989064331427494,0.9990991970364651,79.51389503479004
DDoS,Nearest Neighbors,0.9992443015061246,0.9992924994131018,0.9989064331427494,0.9990991970364651,75.92903113365173
DDoS,Nearest Neighbors,0.9992443015061246,0.9992924994131018,0.9989064331427494,0.9990991970364651,79.91738748550415
DDoS,Nearest Neighbors,0.9992443015061246,0.9992924994131018,0.9989064331427494,0.9990991970364651,78.8043966293335
DDoS,Nearest Neighbors,0.9992443015061246,0.9992924994131018,0.9989064331427494,0.9990991970364651,75.78887629508972
DDoS,Nearest Neighbors,0.9992443015061246,0.9992924994131018,0.9989064331427494,0.9990991970364651,89.06284976005554
DDoS,Nearest Neighbors,0.9992443015061246,0.9992924994131018,0.9989064331427494,0.9990991970364651,99.28263115882874
DDoS,Nearest Neighbors,0.9992443015061246,0.9992924994131018,0.9989064331427494,0.9990991970364651,104.0639181137085
PortScan,Naive Bayes,0.38095485283638575,0.6471509710212875,0.5549906091678527,0.35109743767423346,0.5372779369354248
PortScan,Naive Bayes,0.38095485283638575,0.6471509710212875,0.5549906091678527,0.35109743767423346,0.5383579730987549
PortScan,Naive Bayes,0.38095485283638575,0.6471509710212875,0.5549906091678527,0.35109743767423346,0.5416724681854248
PortScan,Naive Bayes,0.38095485283638575,0.6471509710212875,0.5549906091678527,0.35109743767423346,0.5317704677581787
PortScan,Naive Bayes,0.38095485283638575,0.6471509710212875,0.5549906091678527,0.35109743767423346,0.4990973472595215
PortScan,Naive Bayes,0.38095485283638575,0.6471509710212875,0.5549906091678527,0.35109743767423346,0.5395548343658447
PortScan,Naive Bayes,0.38095485283638575,0.6471509710212875,0.5549906091678527,0.35109743767423346,0.5124576091766357
PortScan,Naive Bayes,0.38095485283638575,0.6471509710212875,0.5549906091678527,0.35109743767423346,0.5327959060668945
PortScan,Naive Bayes,0.38095485283638575,0.6471509710212875,0.5549906091678527,0.35109743767423346,0.5188069343566895
PortScan,Naive Bayes,0.38095485283638575,0.6471509710212875,0.5549906091678527,0.35109743767423346,0.5380463600158691
PortScan,Random Forest,0.9964937448975258,0.9965664818746576,0.9950876791551453,0.9958230834666536,2.3453078269958496
PortScan,Random Forest,0.9970364357949478,0.9969553395389008,0.9959908725327744,0.9964714048984293,2.2289698123931885
PortScan,Random Forest,0.9971827263846876,0.9970602625375254,0.9962343420519614,0.9966460546019946,3.3966331481933594
PortScan,Random Forest,0.9968335165898248,0.9968368154675763,0.9956262705220712,0.9962288642690539,2.3203201293945312
PortScan,Random Forest,0.9968995833077718,0.9966737816503657,0.9959468332690036,0.9963093395495459,2.3768951892852783
PortScan,Random Forest,0.9970081214872561,0.9969350367949984,0.9959437494000285,0.9964375960856289,2.271334648132324
PortScan,Random Forest,0.9971544120769961,0.9970399515263565,0.9961872189192156,0.996612255246099,2.250731945037842
PortScan,Random Forest,0.9965881259231644,0.9966340671438261,0.9952447562642982,0.9959358834455487,3.2626607418060303
PortScan,Random Forest,0.9961964446667642,0.9963401630216449,0.9946063293743261,0.9954677526501219,2.7657036781311035
PortScan,Random Forest,0.9961303779488172,0.9963516459267256,0.9944381219081992,0.9953881966867258,2.3600378036499023
